Current residence in,Population 1 year and over,Same house 1 year ago,Same state of residence 1 year ago,Total_Incoming,Total_Outgoing,Net Migration,Avg. Home Price,Percent of Job Growth,Alabama,Alaska,Arizona,Arkansas,California,Colorado,Connecticut,Delaware,District of Columbia ,Florida,Georgia,Hawaii,Idaho,Illinois,Indiana,Iowa,Kansas,Kentucky,Louisiana,Maine,Maryland,Massachusetts,Michigan,Minnesota,Mississippi,Missouri,Montana,Nebraska,Nevada,New Hampshire,New Jersey,New Mexico,New York,North Carolina,North Dakota,Ohio,Oklahoma,Oregon,Pennsylvania,Rhode Island,South Carolina,South Dakota,Tennessee,Texas,Utah,Vermont,Virginia,Washington,West Virginia,Wisconsin,Wyoming,Total,Puerto Rico,U.S. Island Area,Foreign Country4,Foreign Country
Alabama,4819343,4158224,535649,111803,101466,10337,129174,1,0,424,1513,517,2328,1974,336,22,378,14171,22363,93,118,2399,2295,627,646,2157,2308,56,801,450,1821,420,7798,544,247,167,1989,245,1103,1007,2203,4245,878,1702,877,444,1595,848,1896,96,8018,8825,998,0,4277,1289,1070,1121,104,13667,476,0,13191,0
Alaska,730874,595804,98168,30199,42972,-12773,291459,-1,942,0,1387,203,3556,1487,0,0,0,906,422,424,225,723,186,1083,17,397,327,225,325,111,524,1077,172,143,156,282,633,0,485,64,757,345,103,448,373,1232,274,216,270,6,544,2165,465,0,360,3653,0,2500,6,6703,0,965,5738,0
Arizona,6935358,5717189,911120,261727,163214,98513,228363,3,1337,2255,0,1763,59233,12810,730,810,362,8522,5278,2651,3991,13095,3381,3423,2506,1708,2174,194,1108,2382,5651,7093,1261,5195,2436,1870,7647,578,4329,6455,5674,4429,2725,5095,4856,10701,6332,141,1214,1458,2194,12793,8594,96,3593,14392,318,3897,997,45322,438,91,44793,0
Arkansas,2968395,2509717,370309,79411,69850,9561,120987,1,574,241,1060,0,5334,2547,0,0,0,1525,1805,0,582,2252,1810,176,2021,1222,2867,0,1425,97,961,808,4171,6759,118,475,439,78,359,414,283,1749,88,39,7854,749,2639,0,487,0,5383,15767,657,0,1087,1539,0,958,12,8958,573,0,8385,0
California,39085984,34009331,4234770,523131,661026,-137895,508307,2,3715,2606,26907,3471,0,25038,5935,491,6818,24611,10233,12776,5626,27117,5190,4163,5202,3431,5169,2578,11303,16774,11538,7487,3299,6841,2809,2419,23768,1216,12906,5312,34278,13523,2223,11410,4890,20548,16141,1763,7134,1403,5413,40999,9925,895,21162,33143,789,9348,1395,318752,1864,842,316046,0
Colorado,5542282,4546729,734182,226933,194296,32637,355305,2,3120,2030,6765,1356,27014,0,1800,764,863,12385,4712,3512,2984,10652,2754,3035,6653,2195,2195,448,3420,2785,2661,4369,1085,3774,675,4541,3800,1416,5166,4715,8560,6273,1286,5144,5180,4359,4840,963,2221,1453,2453,25212,3417,471,6099,6675,42,3506,5135,34438,828,568,33042,0
Connecticut,3556297,3136666,311726,83325,98971,-15646,249662,0,206,540,644,160,2807,370,0,463,414,6589,1531,473,0,697,534,0,0,227,716,627,992,12004,376,160,0,1601,0,154,142,472,3930,825,28542,1910,187,1171,400,579,3263,2061,1019,0,166,3698,149,393,1314,374,0,188,257,24580,3780,0,20800,0
Delaware,952449,830905,78998,38532,35653,2879,242520,1,506,0,76,0,580,144,174,0,316,1335,179,110,0,857,41,0,0,21,73,0,9748,396,441,45,0,153,0,0,0,0,4006,44,3564,327,0,80,295,104,11035,0,144,0,318,1152,32,59,1510,0,371,296,0,4014,260,66,3688,0
District of Columbia ,684810,554225,64013,56231,65018,-8787,590444,0,494,0,549,105,3763,1109,1149,375,0,1182,1507,29,161,2726,710,17,0,285,461,122,10835,2669,808,436,157,466,0,0,128,88,2590,206,5238,1867,5,1026,0,37,1824,296,235,0,1057,2858,384,447,7509,206,0,115,0,10341,356,78,9907,0
Florida,20772371,17554348,2402381,566476,447586,118890,218791,2,9389,1400,5577,3028,30919,12061,11249,3831,605,0,38800,2092,1359,28631,11833,3466,3376,9762,6403,2960,18907,18212,19169,7614,4236,8820,755,987,4681,5887,27892,2811,63722,23270,702,22946,6123,3231,28507,3259,10521,763,12023,31625,6063,2816,28232,6176,2187,7202,396,249166,28538,2847,217781,0
Georgia,10299497,8760762,1202587,278889,254956,23933,172842,2,15270,986,6218,2055,12052,4981,2216,997,1077,47035,0,1482,1825,12025,3319,1079,5213,2226,6379,132,4027,2834,5249,2591,4597,4008,61,650,349,975,7389,1801,15395,12684,32,9472,2285,718,5967,644,15269,132,15224,19969,1503,38,11256,2649,420,3504,630,57259,3345,306,53608,0
Hawaii,1410750,1231340,115683,46457,66597,-20140,611409,1,844,424,1666,48,8843,1584,238,14,232,2460,2915,0,466,1062,327,779,637,0,248,0,629,862,353,97,171,700,0,136,1525,0,125,784,804,1399,62,1053,0,1103,1218,5,1262,45,495,4078,962,0,2656,2837,0,213,96,17270,11,1572,15687,0
Idaho,1694182,1405344,210310,71899,56954,14945,221641,3,58,796,1523,265,21372,3823,0,126,0,1833,444,765,0,357,169,0,0,269,281,270,305,0,630,348,261,1216,938,514,2195,0,70,570,598,1294,1900,407,227,3866,582,0,145,140,749,3685,7226,0,612,8881,0,442,1747,6629,67,0,6562,0
Illinois,12659328,11026895,1365922,195092,339435,-144343,194860,1,1682,270,4159,2591,16046,5172,1860,120,995,10513,4420,460,670,0,16998,8837,1212,2985,1053,173,2681,2998,10793,5286,2409,16147,187,2290,2565,310,3698,632,6377,3923,576,6736,686,962,3090,266,1848,686,5086,11642,1160,51,4127,4846,130,12274,414,71419,1829,0,69590,0
Indiana,6591598,5633171,792487,142290,132094,10196,134760,1,1216,131,948,852,10096,1692,413,0,250,9027,4224,424,39,29526,0,1825,1590,11298,1223,0,1093,957,8377,1400,641,1288,192,518,919,69,2836,1459,1551,3293,78,10940,1695,668,1341,0,962,372,5122,10543,1240,512,1867,2782,1044,3757,0,23650,144,93,23413,0
Iowa,3106880,2654666,362905,77072,79358,-2286,140191,0,817,629,2346,693,2625,2257,150,95,0,3945,2475,266,1005,12997,1390,0,2895,467,327,54,579,288,629,6834,164,4510,443,6639,874,46,205,138,306,1827,332,991,478,707,1418,158,411,2685,1152,3315,489,227,774,1405,550,3011,54,12237,67,0,12170,0
Kansas,2876925,2413141,366147,86154,99660,-13506,138378,0,276,515,1404,1225,6511,5871,412,0,5,2661,2490,419,54,2840,1433,2119,0,168,580,24,623,417,378,679,552,21605,338,2939,785,338,408,493,2196,1165,90,2044,6508,333,674,0,0,729,788,9814,981,0,1029,801,0,317,123,11483,347,0,11136,0
Kentucky,4404279,3721100,563721,103985,99490,4495,130316,1,2851,506,333,342,4466,614,799,558,51,6318,2654,222,31,5333,10192,558,1068,0,1205,0,1413,555,1602,577,495,1643,169,570,215,292,730,1409,2115,3228,132,19493,1345,368,1543,154,1473,73,11642,6677,0,85,2453,1428,2140,1599,266,15473,1402,0,14071,0
Louisiana,4629962,4030674,513676,72836,102212,-29376,164125,0,2830,199,520,3289,5534,1575,407,0,100,4404,3382,555,0,1829,327,472,581,443,0,0,756,350,2003,84,9011,975,347,141,237,595,522,298,1854,1931,363,983,912,265,883,48,903,16,1733,17674,34,0,2073,623,261,319,195,12776,455,0,12321,0
Maine,1322591,1140136,144186,34252,27425,6827,215941,1,246,163,322,12,1578,849,1690,111,124,3059,1241,0,180,152,99,0,0,41,455,0,88,7567,227,241,67,659,0,276,64,4274,662,38,2478,1074,0,427,11,294,1629,336,189,0,255,491,444,569,1162,336,72,0,0,4017,12,0,4005,0
Maryland,5988007,5168350,605885,165654,183900,-18246,296181,1,644,961,1689,410,8994,2182,1726,5455,22811,7755,6343,3167,347,2615,1887,383,451,899,394,197,0,2845,1371,731,806,253,78,0,1351,264,6361,1066,13538,9437,325,2818,1094,187,12297,572,1862,0,977,6890,810,386,23315,1839,3926,901,44,48118,1808,488,45822,0
Massachusetts,6789798,5888011,677835,146299,173033,-26734,391114,1,212,539,1030,207,12745,1857,9140,1582,1419,11499,3694,481,732,2301,1134,332,692,930,948,4099,2696,0,2747,1814,45,2519,148,299,1363,12417,6872,713,22782,3216,143,1791,197,556,5212,8067,2164,56,957,4603,1335,2000,3083,1672,161,1098,0,77653,6748,273,70632,0
Michigan,9851330,8450559,1203536,148787,148059,728,148631,1,3669,348,4948,825,10874,3001,783,72,445,14479,5794,188,216,13913,9171,1968,1465,3957,1651,343,1472,1770,0,1175,1828,4244,124,620,1631,357,1360,456,7337,3614,882,12303,1027,2248,3398,93,2680,119,3703,7033,1250,330,3539,1572,392,3485,635,48448,2621,29,45798,0
Minnesota,5510902,4728748,643272,115623,125130,-9507,229130,1,491,671,2587,634,5518,4221,932,131,516,3512,2247,416,209,7297,2505,5870,669,360,378,164,934,1280,4664,0,573,1745,422,2225,997,74,1144,754,3274,1737,10579,2704,301,875,1249,123,521,6244,2212,5529,392,46,1552,3333,44,20555,213,23259,503,0,22756,0
Mississippi,2946971,2553271,313673,73549,78043,-4494,115971,0,5936,127,553,2251,4709,1000,145,68,0,4481,7946,942,0,2611,1958,271,292,814,8103,229,948,183,422,331,0,2900,420,996,605,30,1042,27,769,729,18,352,70,0,682,0,951,0,11636,5056,0,0,286,888,1158,402,212,6478,281,31,6166,0
Missouri,6039877,5108238,742205,164957,153284,11673,145352,1,2518,1224,2820,6560,10918,4275,425,63,170,6630,2818,1573,774,22767,2088,5678,22093,1587,1915,0,1871,2025,2518,1672,1543,0,330,3326,2203,312,1686,987,1528,2806,503,4309,6239,1382,2590,108,1140,537,2320,14820,760,228,2795,3120,90,3784,529,24477,943,180,23354,0
Montana,1039170,883342,116400,35456,28012,7444,255276,1,301,701,386,899,5447,2241,0,0,47,1202,112,20,1198,839,317,257,267,68,226,150,188,31,750,948,236,90,0,103,581,76,91,227,995,314,1698,260,228,1242,382,20,0,509,87,1569,879,31,683,3879,112,497,4072,3972,151,0,3821,0
Nebraska,1894217,1586729,243792,52507,47760,4747,155586,0,420,199,1456,267,3707,4520,0,11,10,2064,592,144,675,1615,171,8825,2337,492,265,0,466,176,903,2713,0,1929,207,0,1133,67,58,186,658,359,541,689,951,850,364,0,355,2537,684,4876,1467,13,774,351,164,694,572,11189,436,115,10638,0
Nevada,2963456,2430163,383067,133074,98226,34848,251845,3,191,1024,5508,551,47513,8518,693,517,249,5825,1241,4231,3256,2737,862,340,245,539,444,82,1364,838,2023,1687,801,2488,429,1151,0,90,764,1874,2280,4154,153,2342,368,3501,1758,85,1561,908,1022,5346,4410,237,1147,5203,0,381,143,17152,384,783,15985,0
New Hampshire,1330742,1134244,137212,52893,41740,11153,259358,1,109,151,190,185,2418,512,2946,0,102,2486,725,307,0,968,311,67,0,45,47,3950,834,21734,109,43,0,205,0,0,1083,0,615,0,4123,1113,0,34,259,136,1867,582,439,224,167,1200,30,1874,460,146,0,97,0,6393,547,90,5756,0
New Jersey,8910191,7968039,710807,152106,224961,-72855,316310,1,169,610,898,175,7968,1099,5324,1543,662,9038,3094,353,321,2517,884,22,1250,312,297,254,4817,2599,1676,894,78,761,54,364,237,115,0,0,57235,3151,171,1828,327,809,22129,597,1288,0,715,6591,269,274,5750,1135,329,1013,110,79239,4195,73,74971,0
New Mexico,2062628,1801560,193225,57255,67296,-10041,183127,0,770,1470,7129,258,6897,3578,0,0,138,1029,413,509,608,1297,1177,484,134,194,884,0,935,349,495,307,421,611,982,261,1008,77,196,0,886,261,215,579,630,544,412,291,730,100,431,16356,411,0,1694,563,0,274,267,10588,131,0,10457,0
New York,19638923,17553033,1655152,285252,452580,-167328,292249,1,1849,1049,3826,1209,24982,3104,17340,1203,4401,28145,11328,1740,1088,6879,2657,2050,1381,1216,1416,1611,8499,14775,3088,1973,758,4014,597,98,2273,1997,34953,615,0,12000,449,7863,2015,1658,25006,2654,6044,125,4072,10058,334,2929,10677,5529,402,1269,54,145486,5910,1325,138251,0
North Carolina,10158556,8649400,1139260,313834,243206,70628,178318,2,4526,1401,5624,747,22469,4021,5780,1186,2183,33594,16892,1463,97,6013,4392,978,1590,1531,3491,1014,10899,7605,5404,2769,1723,4394,433,259,1758,273,11559,1047,27031,0,571,11359,1260,1778,12542,234,28508,12,8416,14655,623,524,27833,5896,3423,1895,159,56062,3011,385,52666,0
North Dakota,744641,609017,92436,37315,37344,-29,226752,-1,53,152,564,48,4051,995,0,167,0,1255,58,292,858,302,74,652,96,26,214,0,95,135,709,13844,372,0,1071,517,16,0,232,89,247,0,0,33,224,716,1070,0,546,1653,478,1678,247,0,434,1362,0,861,829,5873,664,0,5209,0
Ohio,11520109,9822847,1452745,198929,206479,-7550,131647,1,2487,79,3143,683,11286,3209,2478,406,1165,15843,6133,285,660,9676,10007,1687,2169,15435,823,369,4416,3030,11424,1362,573,2515,439,619,847,692,3252,525,13157,7847,350,0,936,854,15666,177,3714,26,6127,12108,2100,364,5224,2960,7343,2011,248,45588,3765,267,41556,0
Oklahoma,3875922,3216306,542724,101961,96005,5956,119875,1,1133,1004,1931,6835,7174,3474,99,0,36,4233,2164,129,338,1959,1303,1301,8159,1363,2393,48,982,248,257,1083,1539,3209,594,144,801,45,231,1899,1930,1483,98,1143,0,841,611,216,797,27,2337,32430,204,37,921,2018,0,509,251,14931,386,96,14449,0
Oregon,4102048,3405784,520747,149513,109454,40059,325193,2,179,2808,6938,526,50109,3185,355,85,60,3266,1308,2671,4444,4110,750,549,1298,129,1461,204,1384,822,1642,930,367,1637,1004,368,2802,266,475,1046,2491,955,461,874,1121,0,1138,159,415,576,1115,7049,4103,308,3566,26150,257,1370,227,26004,0,220,25784,0
Pennsylvania,12674642,11072942,1292389,250120,254634,-4514,175913,1,1416,294,3266,292,10995,2786,3937,8913,3339,17094,5249,1639,442,5047,3667,592,449,2136,1050,1156,19880,6074,3312,1630,1615,936,71,447,1341,1715,39487,760,40272,8950,406,11234,679,1325,0,1055,4570,652,2249,7226,1182,1853,8417,3199,4128,1696,0,59191,7783,378,51030,0
Puerto Rico,3313519,3101332,189034,20167,97488,-77321,0,0,888,5,108,0,1567,0,1300,301,0,2334,374,0,0,171,595,118,0,9,0,0,0,1147,96,0,0,779,0,145,0,14,618,0,3263,94,0,1412,0,0,1943,901,209,0,0,1235,0,0,541,0,0,0,0,2986,0,97,2889,0
Rhode Island,1048549,922210,83440,36850,30166,6684,273412,1,135,109,101,175,2418,425,3194,0,0,4010,917,59,34,207,247,66,0,0,281,436,259,11929,193,0,166,154,423,0,0,492,2331,77,2273,271,0,99,0,0,497,0,202,0,295,980,211,93,1643,1215,0,233,0,6049,306,0,5743,0
South Carolina,4966211,4248517,531315,166573,128797,37776,169196,2,2133,0,2380,232,7618,1756,3427,464,322,14723,12686,298,408,3918,2940,154,826,2444,1606,516,3276,2607,2673,870,1144,3347,506,523,1369,1013,7658,524,11504,28542,76,4867,689,148,6964,284,0,82,4263,9001,842,14,8778,1420,3111,1627,0,19806,1506,197,18103,0
South Dakota,856726,723740,99781,26106,27412,-1306,190551,0,144,183,402,83,3599,1284,0,0,0,580,253,531,44,177,0,2479,332,0,1257,89,306,0,251,3510,14,384,217,2892,282,28,135,152,345,215,1751,111,105,71,34,0,15,0,264,1156,170,0,364,195,0,974,728,7099,358,58,6683,0
Tennessee,6642072,5675990,748912,191909,155665,36244,160517,2,9523,417,2522,5843,7879,1823,2013,648,322,19470,16865,334,562,12376,4745,334,1796,13138,2614,586,1497,1109,6535,978,8830,3819,212,515,854,0,1209,1193,5413,8892,0,5934,2680,881,4677,47,2911,210,0,12904,652,235,11339,1789,996,1426,362,25261,979,773,23509,0
Texas,27924632,23534387,3643333,524511,467338,57173,185274,2,10235,3543,14875,14222,63174,20023,2363,297,1307,33740,16182,6376,2536,26214,9510,6086,11649,6561,28700,648,9793,5502,7030,8715,11199,13881,650,2689,7599,638,7460,16395,20664,13288,1605,13300,20573,3725,12684,10,6123,1498,11630,0,9131,662,15436,14646,1353,7443,948,222401,5105,1714,215582,0
United States2,321994428,275921008,36468599,7471493,0,0,0,2,101466,42972,163214,69850,661026,194296,98971,35653,65018,447586,254956,66597,56954,339435,132094,79358,99660,99490,102212,27425,183900,173033,148059,125130,78043,153284,28012,47760,98226,41740,224961,67296,452580,243206,37344,206479,96005,109454,254634,30166,128797,27412,155665,467338,89721,20872,262563,198813,43321,113492,25954,2133328,97488,18321,2017519,0
Utah,3056193,2532858,398606,99584,89721,9863,289671,3,644,660,8144,177,17020,4625,283,0,501,1044,2218,1532,6742,1810,829,81,367,1068,317,151,1127,650,604,1716,361,2070,2043,580,5948,0,976,1781,1770,1253,2184,1944,919,4102,987,0,1259,0,972,6536,0,204,3187,5270,142,1064,1722,25145,0,502,24643,0
Vermont,619089,536390,57588,21868,20872,996,239566,1,0,203,132,0,1246,689,839,14,261,1645,80,83,0,1317,0,80,61,0,149,624,278,3975,352,75,0,0,21,101,301,1690,699,60,2758,291,0,44,14,344,483,432,87,32,179,485,130,0,636,181,48,106,643,3243,125,0,3118,0
Virginia,8372522,7089782,958267,250490,262563,-12073,261594,1,2341,736,2587,1184,14509,4644,3368,2107,10088,17864,8708,4947,107,6515,1565,1535,2771,2765,2705,1135,25578,3493,2991,2010,1060,2657,227,1054,1691,1310,8992,2344,12614,26277,222,4754,3453,511,13350,1453,6923,494,4121,15596,2123,963,0,5488,5294,961,305,73983,1318,850,71815,0
Washington,7318811,6016482,978057,260787,198813,61974,349382,2,1605,7532,11733,1074,52484,8473,1310,943,1441,10311,5375,4855,9963,8848,1171,867,2249,394,2401,564,2623,3690,3834,3192,245,2985,4593,849,4398,405,3702,2156,6217,6893,1249,3520,3507,28013,4611,1606,3920,279,1295,14096,7603,503,7976,0,547,2106,581,63485,88,1992,61405,0
West Virginia,1798306,1589833,165375,40007,43321,-3314,98763,0,239,121,13,0,563,463,41,360,287,2635,649,0,119,194,492,182,405,904,157,39,4715,197,805,161,346,0,26,287,30,217,534,0,547,2944,0,5544,186,30,4945,91,612,0,1266,2175,456,0,5388,469,0,173,0,3091,103,0,2988,0
Wisconsin,5731549,4908638,687285,112519,113492,-973,166650,1,757,389,1702,601,4741,2101,282,401,146,5505,1797,279,260,26963,2274,3018,443,881,1047,904,597,654,4993,19873,853,2204,445,432,410,190,1351,861,1337,2253,575,2174,643,708,2136,52,857,145,1682,5375,2141,105,1671,2531,507,0,273,23107,2541,74,20492,0
Wyoming,573483,481231,71338,18511,25954,-7443,224805,-1,264,152,220,722,2344,4254,190,240,0,148,0,0,600,163,18,511,107,0,134,0,113,0,93,478,0,286,1375,473,359,11,125,7,110,205,357,66,315,151,98,0,0,310,178,979,733,0,843,759,0,20,0,2403,0,0,2403,0
Alabama,4832358,4173026,534914,109301,98194,11107,135306,1,0,419,1915,1051,2659,1672,747,826,0,14298,18433,627,0,3310,1874,704,357,4216,2837,0,493,445,2231,915,7653,1851,76,756,97,0,1213,58,3226,2224,0,1299,931,0,1771,0,1218,281,12228,5719,79,0,5221,2125,176,996,74,15117,957,893,0,13267
Alaska,727164,608707,81229,32099,39246,-7147,293440,0,518,0,910,722,3455,1847,0,0,74,1172,565,1029,497,1024,165,26,800,162,83,16,548,170,791,586,330,938,534,413,2013,0,335,489,380,1676,210,176,184,1896,111,38,389,175,171,2322,410,5,654,2558,0,340,192,5129,344,267,0,4518
Arizona,7090137,5887700,888452,273714,179586,94128,245824,3,2801,2743,0,1487,68516,11517,503,49,26,6701,3149,591,2733,13247,2555,3049,3802,1265,1416,353,2955,1299,4477,6206,1780,4476,1419,1663,8057,1500,4084,6866,5281,6587,2169,6322,2530,13697,3692,323,2252,913,1291,20245,5828,37,4956,17560,29,7788,929,40271,1289,1449,0,37533
Arkansas,2975961,2539294,354774,73179,69724,3455,126603,1,438,413,602,0,3728,3255,159,126,0,3966,929,468,0,3359,1241,119,1072,831,2311,27,470,139,584,196,2568,9400,76,76,84,156,277,214,139,638,225,857,8490,254,860,0,121,146,5492,15531,712,0,900,1328,72,130,0,8714,1693,0,0,7021
California,39114889,34232867,4092388,501023,691145,-190122,546043,2,4591,2155,33670,2573,0,18755,6366,1143,5063,22464,11753,12848,4224,22165,6313,2461,4826,2010,4441,1294,11042,17529,10335,6221,2393,7981,2481,3619,22433,682,11666,3822,34848,11400,1909,13999,4901,24050,11848,1738,4896,1296,8060,37810,9440,1641,17725,38007,1246,5364,1526,288611,1250,3712,0,283649
Colorado,5633029,4626834,728730,239153,203460,35693,382464,3,3597,2102,7987,1442,28288,0,1498,190,1119,14017,8239,3356,1268,7783,2945,2385,5071,2754,1216,912,3454,3949,4253,5208,597,6803,3731,6025,3455,183,1780,11444,6362,6336,1118,3169,5956,2890,4701,706,3203,2176,1444,26930,4833,1043,9260,6686,238,3100,1951,38312,1104,126,0,37082
Connecticut,3538203,3102312,320248,84718,114235,-29517,256192,0,1054,8,1204,51,3870,1105,0,1015,506,4563,2606,472,0,1513,237,86,79,233,597,1342,1182,7630,819,106,0,69,35,0,149,939,4573,0,27361,1145,0,1410,172,642,3446,2136,1811,0,743,4044,1305,595,2294,1062,181,328,0,30925,4485,699,0,25741
Delaware,958770,853523,67984,34451,33395,1056,251770,1,39,0,115,0,551,0,487,0,136,1122,118,0,0,191,50,205,747,94,468,101,5639,481,153,0,148,0,0,86,0,157,6112,30,2907,586,167,446,0,0,9991,187,470,0,103,378,99,305,1458,0,124,0,0,2812,185,50,0,2577
District of Columbia ,693798,568201,68603,47555,60363,-12808,612661,0,174,0,204,0,3803,336,262,182,0,1789,647,124,0,1066,146,162,0,110,0,61,12735,1664,486,143,146,201,92,0,36,130,2382,0,4642,1026,0,1592,0,80,1617,87,408,0,690,1036,215,213,7773,387,294,346,68,9439,183,0,0,9256
Florida,21092877,17863603,2420485,587261,470977,116284,233721,2,12870,1388,4542,3239,26888,15746,18291,4124,983,0,35350,3008,1594,27622,11784,3538,2970,11330,4389,2783,15173,20314,20852,6820,2984,9774,1007,3893,3772,5137,30105,2558,63033,26708,1485,22452,3190,3639,31712,4219,15250,3062,13285,24197,3558,1723,31798,9045,5760,7573,744,221528,44710,3860,0,172958
Georgia,10410462,8909803,1174523,274273,231337,42936,187930,2,15589,917,2255,1900,16745,3497,5574,520,571,51020,0,2335,193,6146,4151,1995,1110,2027,3082,89,5797,2577,5592,1042,2967,2889,1018,2097,674,103,9055,1619,10754,16957,364,6935,3297,909,4527,196,16328,522,18283,22746,1123,431,6992,3520,1277,2627,1339,51863,1382,2712,0,47769
Hawaii,1403653,1211015,125172,54074,67293,-13219,638590,1,484,1509,2167,0,10456,3164,114,52,768,3085,2192,0,1027,583,306,586,1385,170,320,124,574,656,115,363,219,1129,165,481,502,0,24,122,1416,843,0,510,1172,1615,580,0,1072,50,723,4180,413,0,3987,4351,0,142,178,13392,68,388,0,12936
Idaho,1734756,1438727,209540,79765,55183,24582,250081,3,84,1179,3852,496,21018,1505,1905,0,0,1406,436,0,0,120,521,178,571,40,264,0,75,0,212,631,209,359,2880,146,3736,0,27,181,2943,1331,261,82,795,4735,937,0,62,0,482,2605,6626,64,804,14955,154,42,856,6724,703,134,0,5887
Illinois,12599244,11029483,1295596,206620,305033,-98413,202669,1,1280,1400,5818,1188,16518,3208,1911,9,1020,13561,4106,459,1093,0,16223,7727,2047,3289,2373,0,3011,3956,9210,4498,2169,15055,317,881,1555,42,3488,1041,8838,4544,540,6423,1041,1112,5261,414,3542,746,7084,13412,2642,76,4710,2855,869,13965,93,67545,2677,260,0,64608
Indiana,6612948,5614432,821113,145256,136563,8693,144470,1,966,138,3009,1271,6811,4695,722,868,32,8650,4525,47,887,31556,0,311,918,9224,747,128,1192,1010,7972,1345,1134,4404,248,286,1470,348,2482,666,1512,2589,0,14794,1316,1020,2764,0,2473,0,5409,6321,608,30,2453,1192,477,3228,1008,32147,2561,64,0,29522
Iowa,3119306,2662849,371285,74199,70659,3540,145597,1,148,66,2021,410,4408,4856,23,0,382,1931,140,689,111,15699,1251,0,2274,393,360,101,0,514,1504,6286,379,4338,499,8119,817,0,20,358,438,502,495,969,711,173,367,0,174,1664,588,3400,506,0,298,1244,0,4333,240,10973,633,0,0,10340
Kansas,2874208,2392841,371025,95748,96850,-1102,145584,1,476,378,1801,1507,5660,3808,322,0,350,3991,1072,564,449,2839,731,3704,0,739,1097,0,871,1424,825,835,176,27726,411,2042,636,0,613,683,1656,1178,0,3377,7757,456,967,0,287,381,1159,7554,1170,0,1368,1064,90,948,606,14594,152,82,0,14360
Kentucky,4414714,3744188,547535,110456,100514,9942,137789,1,2055,115,1480,397,2052,1643,327,389,175,7426,3638,402,2215,5108,11241,265,3016,0,722,118,1689,239,2912,434,407,2910,109,90,270,179,114,598,3283,3796,61,15246,1130,1044,1908,0,1440,132,12498,6360,1201,0,3673,1238,3776,935,0,12535,1122,188,0,11225
Louisiana,4603081,4033845,474843,81355,95326,-13971,168084,1,1462,515,276,1653,5743,2397,584,53,196,2878,5901,1117,69,2205,458,100,1056,3041,0,35,516,630,1637,274,7505,679,222,44,2065,0,629,1235,2106,813,0,963,469,609,687,0,1205,291,1561,23588,603,0,1330,884,567,407,97,13038,238,30,0,12770
Maine,1324095,1143612,142453,34706,25012,9694,229257,1,0,47,765,0,850,840,1734,29,235,2082,235,55,308,180,204,0,67,512,38,0,377,5775,1320,75,214,349,246,0,23,4731,389,97,2909,1049,134,788,217,181,1393,317,503,71,583,2386,142,997,874,283,0,102,0,3324,0,0,0,3324
Maryland,5974521,5133916,630955,163216,182323,-19107,306829,1,647,485,2240,785,7924,1168,1890,5811,21093,11989,3676,892,470,1827,1048,322,573,745,1281,990,0,1753,1635,284,888,1253,223,576,120,1065,6333,1195,8372,6582,291,3098,831,916,12461,138,2515,154,1670,7408,1852,44,26522,1881,5422,1731,147,46434,1962,941,0,43531
Massachusetts,6834364,5970065,653940,144042,179017,-34975,414048,1,483,241,1554,222,13901,1174,14224,887,1557,9455,2988,257,44,3415,819,79,747,399,633,3188,3439,0,2118,1578,78,1227,216,194,321,11251,8026,78,19960,3170,0,1123,261,1013,6014,10630,1135,52,2139,4116,466,1979,4260,2069,115,703,44,66317,5677,186,0,60454
Michigan,9891083,8562101,1144840,139276,152605,-13329,161087,1,537,1025,4028,755,11239,3337,1388,86,256,12601,1477,496,509,10193,12702,506,1825,2221,1254,410,1174,3536,0,1195,1124,1926,527,1147,1684,622,2313,331,6478,3767,311,13625,396,1265,4263,42,2627,354,4017,7873,599,142,4095,3169,115,3613,101,44866,397,90,0,44379
Minnesota,5543490,4781432,635928,100270,112228,-11958,244612,1,976,363,2176,621,4915,2605,342,0,141,5720,727,241,544,8454,1388,4626,936,443,382,249,1330,819,2043,0,415,2483,812,1830,848,110,231,406,3536,1934,9793,1134,1111,974,1282,202,151,3896,1220,4757,626,85,810,5889,0,15270,424,25860,100,47,0,25713
Mississippi,2955717,2582347,297788,68000,76567,-8567,120166,0,8401,191,674,696,2066,284,0,0,99,3369,3358,489,0,3245,2858,70,583,251,12049,52,391,346,675,28,0,1991,432,59,1023,0,154,0,1319,357,71,799,413,55,1071,0,658,0,10004,5853,468,0,695,128,285,1243,747,7582,303,334,0,6945
Missouri,6053109,5161553,720626,152326,174949,-22623,154108,0,2378,882,2009,8166,8156,8782,361,235,461,7112,1919,322,276,20041,3462,4904,21037,2042,2063,182,682,497,2369,2160,2814,0,499,2071,1481,0,1628,605,3210,2432,190,2286,4602,546,1605,40,2259,522,3153,10799,2886,236,3228,2521,59,1546,610,18604,777,106,0,17721
Montana,1051757,891554,113693,43375,35292,8083,270077,1,540,986,1787,19,4991,2921,323,0,0,1263,892,225,2157,549,391,142,1031,26,106,54,0,413,142,2505,0,187,0,93,251,257,90,1118,183,372,1978,733,239,3284,271,0,675,375,240,2198,891,56,248,5450,0,774,1949,3135,131,364,0,2640
Nebraska,1905843,1602056,239853,54579,54462,117,165924,1,268,34,1351,236,4148,4835,348,0,100,1111,982,420,19,1696,669,6072,4355,607,199,7,579,512,665,2242,353,2835,108,0,567,0,255,455,770,1362,393,771,795,818,285,70,72,2753,920,6429,448,0,674,654,41,336,960,9355,40,10,0,9305
Nevada,3003761,2495398,366629,127362,89791,37571,289573,3,397,458,6999,49,50707,3724,198,98,43,4018,1511,4959,875,2938,850,508,412,846,657,0,474,1992,1157,1070,459,1130,515,671,0,165,2179,2121,2770,903,0,1913,1304,3113,1559,88,615,3,837,5129,7133,26,1616,6231,0,1151,791,14372,564,911,0,12897
New Hampshire,1344750,1170412,119936,48367,43633,4734,276078,1,158,45,704,569,1263,385,1298,238,95,3806,533,151,0,0,327,14,41,270,0,4016,423,20416,1002,52,0,359,0,0,453,0,534,102,1276,1714,60,258,79,230,1585,864,1027,0,246,786,31,1725,836,198,0,198,0,6035,1041,0,0,4994
New Jersey,8815804,7870909,722620,159846,231321,-71475,330039,1,147,67,1626,0,9613,1505,2187,1720,1187,13591,1817,305,255,972,312,163,248,112,353,101,2788,4754,960,353,239,336,0,167,204,946,0,0,64810,6359,288,4034,254,195,24132,223,1242,0,431,6504,19,0,2011,1507,304,505,0,62429,5863,32,0,56534
New Mexico,2072546,1797834,204099,60068,74459,-14391,190512,1,1099,197,3284,352,7524,4877,55,0,30,2196,232,313,665,482,0,434,378,129,524,257,162,449,851,641,1010,675,303,344,868,538,1021,0,1099,405,205,1090,2159,2009,1086,0,1270,0,776,14250,1199,192,987,2714,204,285,248,10545,725,245,0,9575
New York,19329704,17327068,1614505,254447,458014,-203567,308924,1,1395,415,3541,52,25255,4553,14420,1328,2802,24084,7994,1181,491,5977,2007,2352,1262,986,2069,731,7775,13568,3743,1286,447,2335,372,866,1853,2474,36401,647,0,9270,294,5284,1303,1414,19339,1362,4457,431,3144,14708,364,4072,9302,1962,1126,1935,18,133684,9431,582,0,123671
North Carolina,10274540,8723401,1178884,318681,238947,79734,190271,2,3287,1562,2622,1897,17536,5471,2702,1988,2031,37585,17020,3402,244,6544,3506,1976,1815,3906,2454,1235,8717,5822,5793,3342,3441,2993,331,1052,857,1862,11947,2306,25596,0,177,9431,2034,3066,12058,1535,26091,57,7476,18748,1735,1208,27843,6790,4624,1920,1046,53574,2393,819,0,50362
North Dakota,749825,623183,89228,33735,33006,729,227714,1,4,112,530,464,1040,522,0,0,53,1355,1194,204,433,467,113,166,306,0,778,0,281,0,411,10670,275,540,2167,13,14,0,170,1285,2105,179,0,139,1631,399,733,0,114,1225,644,1098,321,0,132,683,0,475,290,3679,119,279,0,3281
Ohio,11555163,9892715,1426959,198026,206948,-8922,140361,1,1744,1200,2432,583,8799,2216,2510,996,789,15037,5178,735,334,9797,14252,2395,803,16598,1463,761,2272,3415,15409,1405,2527,3410,677,1796,1460,28,3585,1148,9067,5818,221,0,35,1737,16881,42,4605,134,5467,8189,1922,314,6695,2032,6260,2778,75,37463,2248,353,0,34862
Oklahoma,3895983,3226343,548493,106943,97474,9469,123675,2,541,661,3631,8526,8330,4039,0,0,0,5489,1590,931,216,3201,813,603,5393,214,2107,0,871,701,1395,1167,446,5861,46,965,1106,0,390,1528,1221,819,13,932,0,1595,941,56,803,302,2210,31551,1944,152,1352,1258,0,392,641,14204,1221,56,0,12927
Oregon,4152756,3438653,554097,140627,132698,7929,346631,2,315,4317,7736,436,43058,3292,157,0,226,3824,1203,2729,5745,2022,854,139,899,942,238,406,327,1425,2412,1693,1070,681,1515,96,5375,0,1143,1440,2842,3570,238,1390,700,0,1107,0,817,354,303,5403,2512,495,1628,21672,185,419,1277,19379,0,20,0,19359
Pennsylvania,12674699,11119060,1239854,253520,240832,12688,185551,1,1202,553,3269,1486,11568,4822,3891,5999,1336,17029,4255,783,110,3659,2045,365,1065,921,986,916,20660,5651,3138,2019,1287,979,328,328,409,917,43726,1335,43048,7579,446,12317,1576,1451,0,535,3272,455,2566,9760,2041,1002,10010,3059,5485,1725,156,62265,11188,813,0,50264
Puerto Rico,3173956,2915696,234174,20900,133451,-112551,0,0,0,0,195,0,520,722,1008,0,0,5916,173,212,0,594,0,0,0,0,0,0,202,1789,0,0,0,0,0,0,85,160,1758,0,2334,335,0,0,0,48,1214,411,103,0,123,2394,0,0,473,0,0,131,0,3186,0,250,0,2936
Rhode Island,1047975,928114,78525,32841,31423,1418,292130,1,183,0,50,0,2219,504,4791,0,45,657,739,0,42,293,0,0,0,86,0,606,521,11413,151,0,0,287,0,37,42,677,1038,43,3252,673,173,623,0,87,422,0,43,0,0,960,194,134,1278,501,0,77,0,8495,662,165,0,7668
South Carolina,5029034,4309043,511153,186505,141258,45247,179182,3,4636,715,1460,1382,12103,1622,6800,978,743,15772,16110,857,0,3454,3095,1036,1091,1408,1913,192,7826,4451,2721,366,895,2960,553,541,375,787,4921,944,12721,27734,498,5784,228,748,7040,1684,0,200,5666,5387,2112,439,6507,3842,1299,1643,266,22333,3505,450,0,18378
South Dakota,871271,740970,100177,26775,28747,-1972,200000,1,84,0,241,0,2073,797,0,0,0,2128,968,0,297,841,144,3275,906,57,408,0,144,0,150,3822,231,191,428,3735,56,56,0,299,359,188,1986,0,0,37,194,0,612,0,301,279,76,0,157,567,0,37,651,3349,262,61,0,3026
Tennessee,6692936,5706212,748791,209377,173250,36127,172634,2,8547,1137,2886,4841,9682,5410,1784,53,203,26724,17439,1515,148,9857,4928,588,796,13720,2226,576,1470,3592,4814,375,11641,5139,122,913,789,649,2231,366,5312,9388,285,6273,2130,2314,2504,183,6061,1722,0,12046,1186,77,8172,3245,1705,1492,121,28556,1615,147,0,26794
Texas,28333482,23992374,3575604,563945,462140,101805,196164,2,5945,2375,18628,14377,86164,21509,3762,1275,1059,37262,14235,7986,3494,19241,9704,6379,12049,3841,29108,815,13777,5528,8070,7291,8663,21257,1626,2959,6215,1166,5906,17670,18925,17954,2456,9600,24590,6457,9143,933,8806,1979,12229,0,6287,569,18731,16855,924,5844,2327,201559,11057,823,0,189679
United States,323531965,278079469,35921585,7571282,0,0,0,2,98194,39246,179586,69724,691145,203460,114235,33395,60363,470977,231337,67293,55183,305033,136563,70659,96850,100514,95326,25012,182323,179017,152605,112228,76567,174949,35292,54462,89791,43633,231321,74459,458014,238947,33006,206948,97474,132698,240832,31423,141258,28747,173250,462140,91741,20832,262345,222472,46546,105789,26078,1959629,133451,24689,0,1801489
Utah,3114717,2583764,408033,100824,91741,9083,317888,3,315,494,6827,896,18025,4181,720,61,149,2743,2665,2533,8574,1737,355,754,964,368,241,98,743,1909,1477,531,216,977,1548,377,4383,269,646,1014,3413,767,482,1382,127,5136,1104,50,246,318,814,7528,0,0,1526,8186,75,1346,1534,22096,0,0,0,22096
Vermont,621681,542177,50818,26306,20832,5474,249870,0,124,0,205,0,1380,649,2251,0,134,2105,170,98,0,75,31,53,0,740,24,455,357,3819,107,461,0,126,0,27,110,2877,1343,101,4535,266,0,201,71,125,520,235,178,0,305,427,329,0,903,165,0,179,45,2380,5,0,0,2375
Virginia,8424340,7142767,947475,274003,262345,11658,270631,1,3426,1235,4162,1002,21210,4557,3254,1306,11821,20272,7894,3116,166,7025,2259,1388,1875,2431,2609,535,28366,5622,3135,1616,2832,4988,0,407,1198,1464,9605,1394,17983,23916,470,6308,1778,497,13013,1810,8776,223,7963,14918,2847,607,0,6404,2423,1631,266,60095,2328,1245,0,56522
Washington,7453439,6101533,1028654,260906,222472,38434,386093,2,495,3520,14252,953,55467,10122,1785,131,1837,8084,5899,3416,11911,5382,1118,647,1318,475,1278,421,4526,4418,3607,2131,614,2837,4467,1354,4222,580,4488,1950,7539,5432,1414,3080,3423,31642,3105,225,2025,163,2567,18425,7466,8,5887,0,182,3381,1237,62346,1477,696,0,60173
West Virginia,1787630,1585832,156420,43841,46546,-2705,102358,1,83,0,272,288,524,798,639,419,328,1722,582,42,0,564,1227,0,113,1061,572,74,3876,384,321,70,0,71,0,0,27,0,546,35,640,1889,0,7299,49,135,6291,0,2329,45,2631,516,111,0,6646,185,0,437,0,1537,220,0,0,1317
Wisconsin,5751525,4960260,659159,114613,105789,8824,178225,1,572,484,2883,292,6642,3321,614,211,109,5593,2016,449,129,25155,2663,3072,1186,1661,518,186,579,1160,4737,19632,559,2670,410,345,1350,251,1098,1950,1246,1853,414,3759,790,1550,1537,27,619,374,1330,3977,1252,110,869,1938,265,0,206,17493,2285,0,0,15208
Wyoming,570867,479561,62957,25734,26078,-344,232893,1,639,0,934,392,1604,5632,12,0,0,1159,40,55,367,214,227,30,675,568,72,15,0,251,1117,59,65,914,1501,782,286,335,5,512,393,367,721,473,306,888,146,88,54,750,104,1354,911,0,197,373,118,29,0,2615,119,0,0,2496
Florida,21269409,18083185,2381208,601611,457301,144310,255039,2,15153,4906,7054,3544,28628,13656,13227,3083,2705,0,49681,4103,1032,24425,18175,3669,1813,10545,8606,4812,14831,17056,21668,6239,4572,11326,591,1948,3674,3529,28222,2349,57488,28207,1230,30335,6488,4309,34965,2685,9909,1364,14573,26174,3433,3355,26031,6870,2186,6563,624,203405,14657,2422,0,186326
Alabama,4849509,4197698,534842,104780,98704,6076,150573,1,0,1105,904,813,3690,2042,705,0,248,15519,13993,668,0,1962,3451,722,1212,1500,3789,140,808,1452,1893,41,4377,864,151,386,771,176,599,53,1996,3597,17,2364,541,245,2336,257,2448,0,9970,8405,2083,0,2876,1883,421,1307,0,12189,338,103,0,11748
Alaska,722063,609362,74375,34031,50134,-16103,292671,1,260,0,886,12,2547,685,153,224,69,2473,743,217,1644,952,0,143,1296,1017,529,77,339,515,310,417,86,890,113,1,986,0,0,878,329,2557,187,29,359,750,385,0,448,280,301,4332,1092,44,2216,1435,355,228,242,4295,37,17,0,4241
Arizona,7200620,6038776,861935,253295,173631,79664,284534,3,1750,1561,0,1022,59713,14684,895,653,239,7358,3947,4942,2961,10915,3156,2982,3742,383,1650,218,1905,2745,7914,5868,393,2248,1636,2307,7514,392,3221,7251,6079,4038,1012,5178,2042,6979,4906,227,304,989,2253,17482,8917,662,3837,17636,237,3688,664,46614,970,152,0,45492
Arkansas,2989054,2559444,361762,59723,64524,-4801,137061,1,636,98,692,0,4967,1585,87,0,295,2118,1352,118,157,1308,438,674,1139,265,4089,39,535,97,820,1142,1867,4368,74,380,962,0,420,0,642,369,39,569,5826,501,533,0,443,0,3237,12851,710,0,671,571,133,797,1109,8125,302,0,0,7823
California,39084048,34394220,3943139,480204,653551,-173347,582579,1,3310,5064,28226,3104,0,15085,4067,1630,3075,22692,14496,11985,4372,24085,4923,1956,2941,2606,5347,2335,11775,16158,6406,8951,2354,7638,1974,2587,26433,709,10812,3418,37567,13863,710,9098,3747,17265,12578,2839,5803,1345,5863,37063,8504,784,24506,31882,303,4811,1159,266485,1780,2887,0,261818
Colorado,5701658,4695821,736314,240600,198416,42184,415702,2,3422,862,10616,1022,29350,0,942,0,259,14124,6985,2782,798,10153,3114,2589,6544,1455,3901,900,3555,6053,3101,5523,554,4801,1984,4861,3888,196,3677,4895,7965,4930,2084,4432,4412,3619,3362,820,1081,1581,5549,32295,2458,161,6796,7333,502,4454,3860,28923,642,83,0,28198
Connecticut,3531986,3106754,306070,90044,105243,-15199,267654,0,248,220,441,0,4049,1165,0,45,313,7501,1266,912,0,1389,309,165,94,135,764,743,1720,13020,1091,676,0,212,0,189,174,741,5297,0,27606,2640,0,1369,199,523,3711,3788,910,539,921,2141,120,103,1764,191,408,232,0,29118,4280,0,0,24838
Delaware,964817,843383,79186,38014,28367,9647,265955,1,0,294,0,0,161,530,415,0,442,939,344,0,0,562,0,0,189,0,41,0,8646,548,0,0,26,37,29,262,149,78,6955,177,3044,1167,0,34,1025,0,8902,258,8,0,409,744,75,0,1260,45,219,0,0,4234,0,0,0,4234
District of Columbia ,697556,563798,64893,58879,52084,6795,652685,0,462,338,291,0,3437,870,1298,0,0,1496,1190,0,28,1361,427,59,41,131,452,448,15499,2383,758,278,265,976,4,49,0,49,2758,466,4314,1481,0,755,185,172,1718,138,568,250,991,2073,0,54,8828,852,324,362,0,9986,213,0,0,9773
Georgia,10499808,9034705,1130068,284541,253565,30976,210576,2,14169,1378,2362,3322,15437,2904,2927,1076,934,46235,0,2069,159,14438,3020,1566,3931,2614,2845,252,1992,2876,4281,968,5502,5863,359,2881,1991,686,8455,102,14641,15580,0,5146,1538,1024,7726,1016,18828,500,17210,22452,1182,265,11686,2879,408,3898,968,50494,1906,359,0,48229
Hawaii,1396819,1215974,116566,49708,68417,-18709,653840,0,502,907,803,169,10954,2190,414,0,189,1858,1836,0,1294,568,318,0,466,471,117,0,352,489,90,500,0,729,625,200,2641,48,668,402,1940,3524,302,1271,131,1613,23,116,189,0,586,1667,772,65,3107,4322,197,83,0,14571,204,442,0,13925
Idaho,1764327,1478739,200377,78730,54826,23904,308628,3,19,674,5018,386,17722,3970,247,58,0,895,397,599,0,268,454,14,179,183,117,231,385,168,607,324,192,404,3026,304,2093,0,0,325,194,541,179,403,1903,7570,653,0,305,308,344,3198,7371,0,1715,13505,0,620,662,6481,0,0,0,6481
Illinois,12536539,11014059,1274091,190627,308179,-117552,210644,0,1658,135,5054,1202,14692,3455,1783,213,865,14534,3610,767,106,0,17156,10294,2307,3514,805,564,2572,3693,10396,3930,765,13389,37,1772,1394,507,3562,631,8032,4792,445,7684,2326,1214,4591,143,1518,285,2518,9106,326,74,5338,4364,379,12021,109,57762,714,263,0,56785
Indiana,6656971,5735703,743092,151443,142441,9002,162939,1,1481,184,4067,1056,7255,2050,2165,48,251,11926,2117,90,0,36328,0,1744,1349,12483,621,146,542,469,8509,1599,699,2373,326,204,2016,0,1391,429,4199,5054,42,12038,986,951,5331,37,1312,409,3169,7095,490,40,2096,2186,10,1962,118,26733,136,0,0,26597
Iowa,3121385,2686528,348082,72651,74697,-2046,154926,0,70,425,2175,188,5819,4472,142,0,7,4397,498,71,1382,10843,836,0,1295,376,502,0,1444,271,350,5358,424,3461,402,7454,492,0,85,366,489,1307,76,1358,261,981,318,34,64,2276,546,3936,3,0,1051,781,409,4722,434,14124,0,0,0,14124
Kansas,2879518,2426897,345003,94648,88983,5665,158675,1,1021,7,2367,1830,4957,7224,208,379,266,3828,3105,167,76,2449,1609,1010,0,1297,313,0,219,6,537,2373,521,27065,1227,2836,147,92,509,403,1497,1757,515,309,4258,553,2189,0,308,39,1316,8374,378,0,1556,2325,174,610,442,12970,696,81,0,12193
Kentucky,4421512,3792437,517128,100057,101061,-1004,151533,0,4390,855,990,521,3410,1177,310,0,133,7139,3740,804,0,4843,11424,1573,565,0,668,1893,1076,301,3825,310,246,1498,8,341,645,0,509,544,2693,2922,162,13309,378,255,3235,0,1040,63,8070,2878,1746,95,4170,2232,983,2088,0,11890,92,0,0,11798
Louisiana,4595111,4018892,491341,67640,95887,-28247,173695,0,2567,1194,1357,2497,4228,1881,109,0,31,5296,2809,175,142,712,258,330,133,171,0,0,812,277,554,112,5395,920,248,317,829,341,229,374,1359,1412,109,1190,1973,162,710,102,1549,3,1948,19675,129,112,1526,805,49,529,0,17238,1165,673,0,15400
Maine,1331656,1162558,128105,36129,38267,-2138,257006,1,73,318,317,183,1644,982,3092,675,210,2797,244,372,21,436,151,183,0,236,136,0,787,7005,494,0,0,67,548,0,32,5838,422,124,1273,2042,0,446,29,306,1249,351,306,19,377,459,161,424,307,541,11,353,88,4864,73,212,0,4579
Maryland,5979602,5224363,569388,141766,183299,-41533,322584,1,1597,0,1770,274,10092,1960,1885,5429,17718,7766,3720,1059,0,1929,512,130,91,161,1000,213,0,2248,1017,542,396,263,0,80,472,725,8021,875,6018,5453,173,2849,591,399,14376,177,1147,0,640,4954,1186,368,23429,1338,4933,1790,0,44085,602,837,0,42646
Massachusetts,6828110,5975607,644535,144079,178104,-34025,442666,1,1099,553,1228,0,11430,2094,11690,13,956,10360,4290,449,162,4050,1366,390,274,621,1831,6122,3521,0,1260,1344,297,662,392,96,869,11731,5638,41,17143,3812,140,2190,69,1288,6043,7784,2647,41,1933,6088,1286,2167,3768,2353,63,281,154,63889,3043,226,0,60620
Michigan,9880758,8606216,1104190,132008,152365,-20357,179793,0,1997,222,3447,464,8672,2459,1569,0,214,9941,5249,1124,205,10177,11026,600,1039,1961,686,1716,984,2271,0,1747,1502,2800,75,948,1348,742,1267,1061,6078,2971,717,12261,780,1110,5074,99,1241,320,4489,8434,428,32,3468,1726,767,4361,139,38344,990,80,0,37274
Minnesota,5575235,4836702,606228,106920,114258,-7338,268075,0,433,1240,1748,296,6232,3647,386,6,209,4070,1862,30,850,8348,2085,5739,607,445,192,207,826,2442,3106,0,495,1568,1379,1365,1081,0,602,506,2549,1175,8360,2935,204,1119,1349,0,275,3941,1262,5916,314,0,1743,5166,0,18403,207,25385,29,330,0,25026
Mississippi,2943737,2583691,291479,61683,60094,1589,129372,0,3512,80,495,2625,3024,421,0,0,28,4712,2271,221,135,3133,234,246,220,463,9257,0,975,252,309,0,0,528,133,290,298,37,183,0,2124,1383,291,2153,292,565,917,0,1016,0,9192,4689,406,10,2244,526,647,1146,0,6884,922,331,0,5631
Missouri,6069697,5200465,694303,152345,135762,16583,169528,1,2246,927,3184,4768,7970,4032,997,160,74,6848,5492,875,1066,17366,5811,5774,20685,2042,1488,644,1210,464,1328,1321,2091,0,589,3190,877,277,1515,482,2247,5552,873,1691,4644,761,1320,246,987,494,4106,11507,1567,1094,2682,2903,829,3004,45,22584,1109,593,0,20882
Montana,1056994,882156,129779,40862,39242,1620,301116,1,400,1124,1271,68,5298,3831,346,0,0,1715,149,32,2197,1045,84,350,137,49,954,72,21,374,346,996,30,487,0,424,1928,63,0,117,1239,718,792,500,455,1977,651,0,0,188,0,780,1900,134,768,4907,176,107,1662,4197,11,0,0,4186
Nebraska,1910711,1622237,234322,46064,52425,-6361,183189,0,812,127,1968,273,2035,2816,261,9,0,1474,358,438,386,1158,448,6952,4054,182,59,47,1092,218,510,1615,238,1679,302,0,35,0,110,792,472,828,968,233,1582,78,157,62,87,2070,351,4199,1111,0,1180,365,148,725,1000,8088,122,0,0,7966
Nevada,3048602,2510591,384676,132950,105357,27593,315446,2,239,2850,8636,356,47322,3206,694,0,259,5429,1432,3612,1660,4239,594,1706,559,211,1276,0,2540,407,1229,782,1861,995,1206,90,0,460,960,4823,2711,798,678,1658,968,3392,1582,0,767,417,1372,5240,6593,0,1959,3906,74,1156,46,20385,255,302,0,19828
New Hampshire,1350155,1173997,119189,50288,42162,8126,305235,1,379,392,970,154,1110,372,1701,106,661,1182,216,153,126,390,524,56,0,376,391,4524,927,18723,581,92,0,0,278,57,160,0,1012,97,3556,269,0,986,0,317,1306,1022,413,126,801,892,272,2370,890,582,155,621,0,6681,475,0,0,6206
New Jersey,8791672,7888800,689445,149260,229484,-80224,349662,1,357,457,806,261,9155,3314,3484,1066,629,12032,1915,218,73,1854,664,61,480,537,449,916,3772,2726,1657,98,499,296,30,384,717,829,0,127,58664,4294,0,628,122,398,22445,137,412,0,527,4489,540,133,4810,996,494,308,0,64167,3036,305,0,60826
New Mexico,2073628,1816418,189705,55545,71212,-15667,214252,2,751,950,4255,416,5915,5038,598,108,32,1804,1019,949,318,836,368,4,475,78,365,119,384,259,216,356,83,372,468,0,2303,97,811,0,608,1263,10,209,702,976,791,83,355,85,599,15762,766,102,564,1330,0,142,1451,11960,217,0,0,11743
New York,19240920,17213380,1638372,254806,439708,-184902,331383,1,851,596,2185,1130,24332,5754,15040,1655,3325,18976,5938,1301,138,6447,1470,1554,1329,1553,1757,1918,6015,17910,5504,2237,444,1054,194,746,2366,2417,31942,1139,0,9847,247,5629,530,2091,22641,1623,3169,68,5513,13033,1185,3084,12180,2697,530,1450,72,134362,1868,282,0,132212
North Carolina,10371906,8834381,1170200,315215,255346,59869,212842,2,4697,1568,5319,1976,18023,6089,5840,1595,1700,30032,19017,2955,476,6527,5646,1227,857,4793,1272,526,13408,5389,6302,2447,818,2982,1004,217,1094,867,15297,1270,23571,0,980,9698,1705,1976,13341,1531,27740,185,9970,14226,1125,435,29764,2984,2950,1643,161,52110,1986,560,0,49564
North Dakota,750501,615450,94413,36668,29871,6797,233521,1,0,214,945,46,404,585,65,0,0,1168,903,0,60,451,174,652,292,0,144,82,33,113,1015,13506,0,1050,1660,288,270,72,1713,677,445,134,0,13,0,253,19,0,95,2329,175,3075,444,0,302,1759,0,313,730,3970,593,63,0,3314
Ohio,11556037,9891733,1415185,205542,192506,13036,157664,0,1203,468,3591,1195,12277,3905,3076,205,306,16590,7669,587,327,7615,12714,1005,1318,17884,538,251,2889,2304,14049,1540,1413,3289,599,691,2525,493,5205,848,8780,4799,1354,0,696,1972,16792,108,3247,722,4196,13564,2629,582,5339,2155,6056,3490,492,43577,2695,725,0,40157
Oklahoma,3907258,3282746,509137,101844,85599,16245,135410,1,241,188,2962,7421,7408,9020,430,0,0,4109,1888,1531,429,2401,2397,551,4371,537,1942,17,672,255,794,638,271,4166,617,973,1018,0,467,3447,1505,2745,92,1163,0,432,881,65,85,880,1143,26383,155,363,2146,2039,216,64,326,13531,741,0,0,12790
Oregon,4178578,3527178,501680,129921,115723,14198,376550,1,162,2068,6540,425,37927,5730,377,0,135,4218,848,2798,5623,1602,681,802,954,219,765,630,103,1689,1250,1368,10,947,2927,312,3592,0,185,1251,3462,1692,414,852,1350,0,1678,62,568,4,1113,4441,3684,298,1582,21339,0,564,680,19799,0,35,0,19764
Pennsylvania,12670245,11092255,1259103,267465,256901,10564,202721,1,1898,1008,3104,502,13048,1631,4853,6387,1978,19629,7481,1325,183,3996,2276,278,1073,1222,1657,1787,21659,4551,1969,2708,65,1760,15,2007,721,1148,43295,163,46618,7221,697,12752,1975,1004,0,850,4742,507,2564,11490,869,1483,12193,2394,3763,942,24,51422,4028,61,0,47333
Puerto Rico,3175835,2968876,169733,31144,66021,-34877,0,0,141,0,110,149,826,474,226,140,415,10000,579,0,264,652,106,0,0,42,0,0,517,2463,6,0,0,0,0,0,0,63,848,0,3126,1221,79,1046,0,131,3886,0,389,0,0,809,0,0,1348,507,0,581,0,6082,0,342,0,5740
Rhode Island,1050602,930406,80686,34984,31137,3847,316081,1,0,0,423,0,1854,238,2561,16,0,3084,84,0,0,624,150,413,0,148,53,475,243,12742,49,0,49,135,0,17,0,290,1420,51,2359,887,0,441,0,387,1538,0,680,0,136,1597,186,428,863,144,83,136,0,4526,113,150,0,4263
South Carolina,5092727,4414770,478892,176008,129227,46781,196582,2,873,680,1704,579,7785,1506,2880,595,454,14136,16644,1280,754,4210,1596,871,1043,3545,1721,833,6663,3094,2251,685,546,656,0,205,1087,146,6233,1581,10416,33940,971,5641,812,410,7227,993,0,547,4184,7631,548,336,10143,2112,1559,1702,0,23057,1491,319,0,21247
South Dakota,872708,739009,102133,26934,27542,-608,217269,1,339,14,650,141,1778,818,0,0,0,550,436,131,112,1300,771,3613,581,0,0,0,290,0,128,5777,24,445,674,1620,34,116,349,92,0,419,1218,107,374,958,28,0,162,0,386,1080,199,0,76,280,0,391,473,4632,682,0,0,3950
Tennessee,6754461,5782145,755183,196765,156558,40207,195108,2,6294,1506,1457,5252,11874,4674,740,689,157,21539,12668,522,532,8607,5630,857,1204,11500,1964,339,1744,1109,6548,1215,12011,2492,700,419,2101,297,2382,1094,6594,13551,0,5547,935,1453,1833,399,4872,490,0,15068,1240,336,8040,3821,1235,1188,46,20368,24,255,0,20089
Texas,28642658,24347958,3517954,559661,453015,106646,212963,2,8791,4622,21205,12341,82235,18189,2085,930,711,41238,24209,6977,2836,23747,6244,3306,12823,6239,24513,1212,8660,8277,11061,5949,6316,8085,2136,3842,10529,2098,10319,23425,18078,15838,944,8975,23535,4430,9352,556,9240,1918,9833,0,10072,445,18973,15128,1059,4824,1311,217085,9352,371,0,207362
United States,324665523,280343146,35013848,7398337,0,0,0,1,98704,50134,173631,64524,653551,198416,105243,28367,52084,457301,253565,68417,54826,308179,142441,74697,88983,101061,95887,38267,183299,178104,152365,114258,60094,135762,39242,52425,105357,42162,229484,71212,439708,255346,29871,192506,85599,115723,256901,31137,129227,27542,156558,453015,88426,22714,276849,199758,40460,101668,23287,1910192,66021,15276,0,1828895
Utah,3162102,2661654,389057,95608,88426,7182,366001,3,1027,526,6301,888,17821,7856,2830,0,252,2451,668,773,6752,4238,2256,929,552,194,1046,0,1152,545,748,770,168,995,1294,640,4423,222,588,663,2073,1809,147,1455,775,2873,478,572,1295,16,1622,4871,0,233,922,4481,322,547,1549,15783,96,107,0,15580
Vermont,617560,536752,57776,21212,22714,-1502,266216,0,77,402,41,0,1048,687,798,0,253,637,285,2,81,670,99,56,0,12,0,565,316,4045,103,56,0,113,0,14,128,2076,799,184,3276,90,0,97,0,152,1401,216,257,0,63,1082,41,0,527,413,20,0,30,1820,3,0,0,1817
Virginia,8439982,7201805,903735,264855,276849,-11994,292565,1,4028,1256,2513,1011,16994,4588,2838,1187,9540,21432,9246,1807,659,6562,2413,1827,973,2619,2609,856,27172,5480,6012,1033,1512,3137,1211,556,2302,655,9511,1468,15618,26435,158,5498,1486,1042,12284,1098,9721,122,5310,13924,1736,1633,0,6580,5518,1518,167,69587,1896,185,0,67506
Washington,7527366,6253469,977928,231956,199758,32198,433595,2,1060,4255,8263,83,46791,6829,3098,0,1510,7925,2611,5855,12599,3829,2244,644,1924,953,1298,864,2017,3526,3703,2378,136,1938,6017,1780,2556,2011,824,1137,6885,1479,904,2897,1383,33712,4833,373,2327,18,3115,18528,5440,391,6656,0,275,1456,626,64013,318,1465,0,62230
West Virginia,1773280,1563611,164739,39548,40460,-912,108040,-1,245,192,356,120,940,266,0,127,154,3052,658,256,30,380,178,119,45,1518,0,223,3976,425,316,433,0,361,0,96,64,37,527,0,546,2515,0,4985,117,53,5706,124,2882,0,402,927,0,19,6008,129,0,41,0,5382,606,0,0,4776
Wisconsin,5760481,5001140,634732,107973,101668,6305,198569,0,678,1070,1917,290,6886,3125,826,0,298,5168,1783,283,93,22402,1951,4289,1421,1468,1167,175,241,584,5307,17524,581,2796,130,872,747,401,331,237,2337,1645,1369,1049,346,639,990,146,948,763,1294,5049,808,0,1878,1682,572,0,1417,16636,513,0,0,16123
Wyoming,572884,473128,68127,30247,23287,6960,254175,1,1227,54,757,298,3211,3129,109,0,0,909,203,33,1792,49,616,23,366,149,201,136,0,100,93,492,0,582,1850,927,2881,473,187,377,389,4,265,97,564,514,447,0,509,1041,116,1696,1746,0,415,885,308,27,0,1382,0,0,0,1382